{"MRR@1": 0.0025787965616045844, "MRR@10": 0.00498777686814936, "MRR@100": 0.0052996307650475085, "Recall@1": 0.002507163323782235, "Recall@10": 0.009861509073543459, "Recall@100": 0.015616045845272207}